start,end,pb,start,end,bird
0.506145,3.618186,2400,7.787619,9.055488,1789.951
0.242903,3.335238,2400,12.34132,16.40526,1773.529
