start,end,pb,start,end,bird
0.43746,3.514104,2400,3.990023,7.258957,1954.167
0.34356,3.397778,3200,2.515238,3.977732,3300.735
1.635918,4.706939,2400,5.314286,6.798367,5977.451
