start,end,pb,start,end,bird
0.443492,3.516508,2400,3.792381,4.176508,2381.127
0.504785,3.604966,3200,3.841723,7.102721,3136.52
