start,end,pb,start,end,bird
0.942993,4.052109,2400,4.584762,4.947755,2446.172
0.363175,3.479342,2400,4.234875,5.016349,2342.812
