start,end,pb,start,end,bird
0.350476,2.651519,2400,1.712744,2.61814,2578.186
1.039184,3.983537,2800,2.321361,3.122721,2758.824
0.797098,3.723719,3200,2.245079,2.54458,2906.618
